Wine_Quality,Fixed_Acidity,Volatile_Acidity,Citric_Acidity,Residual_Sugar,Chlorides,Free_Sulphur_Dioxide,Total_Sulphur_Dioxide,Ph,Sulfate,Alcohol
5,9.3,0.48,0.29,2.1,0.127,6,16,3.22,0.72,11.2
6,9.1,0.22,0.24,2.1,0.078,1,28,3.41,0.87,10.3
7,7.9,0.34,0.36,1.9,0.065,5,10,3.27,0.54,11.2
5,7.2,1,0,3,0.102,7,16,3.43,0.46,10
7,11.9,0.43,0.66,3.1,0.109,10,23,3.15,0.85,10.4
5,7.2,0.49,0.24,2.2,0.07,5,36,3.33,0.48,9.4
5,7.4,0.67,0.12,1.6,0.186,5,21,3.39,0.54,9.5
5,9.9,0.5,0.5,13.8,0.205,48,82,3.16,0.75,8.8
5,7.8,0.64,0,1.9,0.072,27,55,3.31,0.63,11
5,8.1,0.33,0.44,1.5,0.042,6,12,3.35,0.61,10.7
5,7,0.62,0.18,1.5,0.062,7,50,3.08,0.6,9.3
5,7.1,0.66,0,3.9,0.086,17,45,3.46,0.54,9.5
6,8.9,0.22,0.48,1.8,0.077,29,60,3.39,0.53,9.4
5,6.8,0.61,0.04,1.5,0.057,5,10,3.42,0.6,9.5
5,9.9,0.54,0.45,2.3,0.071,16,40,3.39,0.62,9.4
4,10.1,0.94,0.22,3.4,0.105,11,86,3.43,0.64,11.3
5,10.7,0.9,0.34,6.6,0.112,23,99,3.22,0.68,9.3
5,8.2,0.43,0.29,1.6,0.081,27,45,3.25,0.54,10.3
6,11.4,0.63,0.66,6.2,0.088,6,24,3.11,0.99,13.3
5,7.9,0.43,0.21,1.6,0.106,10,37,3.17,0.91,9.5
6,7.5,0.53,0.06,2.6,0.086,20,44,3.38,0.59,10.7
5,7.9,0.69,0.21,2.1,0.08,33,141,3.25,0.51,9.9
6,6.1,0.48,0.09,1.7,0.078,18,30,3.45,0.54,11.2
6,7,0.75,0.12,1.8,0.114,15,64,3.22,0.59,9.5
6,7.3,0.4,0.3,1.7,0.08,33,79,3.41,0.65,9.5
6,9.8,0.25,0.49,2.7,0.088,15,33,3.42,0.9,10
5,15.9,0.36,0.65,7.5,0.096,22,71,2.98,0.84,14.9
5,8.1,0.58,0.22,2.1,0.077,12,65,3.29,0.51,9.2
6,8,0.38,0.44,1.9,0.098,6,15,3.3,0.64,11.4
5,7.4,0.39,0.48,2,0.082,14,67,3.34,0.55,9.2
6,10.6,0.31,0.49,2.5,0.067,6,21,3.26,0.86,10.7
4,8,0.83,0.27,2,0.08,11,63,3.29,0.48,9.8
5,7.1,0.68,0,2.3,0.087,17,26,3.45,0.53,9.5
5,7.6,0.41,0.49,2,0.088,16,43,3.48,0.64,9.1
7,7.8,0.32,0.44,2.7,0.104,8,17,3.33,0.78,11
6,5.9,0.61,0.08,2.1,0.071,16,24,3.56,0.77,11.1
7,5.2,0.48,0.04,1.6,0.054,19,106,3.54,0.62,12.2
6,10.2,0.33,0.46,1.9,0.081,6,9,3.1,0.48,10.4
5,7.3,0.37,0.49,2.5,0.088,39,106,3.36,0.78,11
6,7.7,0.26,0.26,2,0.052,19,77,3.15,0.79,10.9
5,7.7,0.39,0.12,1.7,0.097,19,27,3.16,0.49,9.4
6,7.4,0.68,0.16,1.8,0.078,12,39,3.5,0.7,9.9
5,7.9,0.35,0.21,1.9,0.073,46,102,3.27,0.58,9.5
5,6.5,0.46,0.14,2.4,0.114,9,37,3.66,0.65,9.8
6,7,0.65,0.02,2.1,0.066,8,25,3.47,0.67,9.5
6,6.2,0.51,0.14,1.9,0.056,15,34,3.48,0.57,11.5
5,8.4,0.62,0.09,2.2,0.084,11,108,3.15,0.66,9.8
6,10.1,0.65,0.37,5.1,0.11,11,65,3.32,0.64,10.4
6,7.8,0.48,0.68,1.7,0.415,14,32,3.09,1.06,9.1
7,10.4,0.24,0.46,1.8,0.075,6,21,3.25,1.02,10.8
7,10.5,0.51,0.64,2.4,0.107,6,15,3.09,0.66,11.8
6,6.3,0.47,0,1.4,0.055,27,33,3.45,0.48,12.3
5,7.8,0.43,0.32,2.8,0.08,29,58,3.31,0.64,10.3
3,7.1,0.88,0.05,5.7,0.082,3,14,3.4,0.52,10.2
6,12.4,0.4,0.51,2,0.059,6,24,3.04,0.6,9.3
5,8.8,0.44,0.49,2.8,0.083,18,111,3.3,0.6,9.5
4,8.3,0.85,0.01,2.2,0.07,5,14,3.32,0.58,11
6,9,0.4,0.43,2.4,0.068,29,46,3.2,0.6,12.2
6,7.7,0.63,0.08,1.9,0.076,15,27,3.32,0.54,9.5
6,8.2,0.35,0.33,2.4,0.076,11,47,3.27,0.81,11
5,7.1,0.68,0,2.2,0.073,12,22,3.48,0.5,9.3
5,10.2,0.67,0.39,1.9,0.054,6,17,3.17,0.47,10
7,5.3,0.57,0.01,1.7,0.054,5,27,3.57,0.84,12.5
6,10,0.42,0.5,3.4,0.107,7,21,3.26,0.93,11.8
7,11.1,0.31,0.53,2.2,0.06,3,10,3.02,0.83,10.9
5,7.7,0.69,0.22,1.9,0.084,18,94,3.31,0.48,9.5
6,8.4,0.36,0.32,2.2,0.081,32,79,3.3,0.72,11
6,7.1,0.59,0.01,2.3,0.08,27,43,3.42,0.58,10.7
5,8.1,0.66,0.22,2.2,0.069,9,23,3.3,1.2,10.3
7,7.7,0.58,0.01,1.8,0.088,12,18,3.32,0.56,10.5
5,9.9,0.74,0.19,5.8,0.111,33,76,3.14,0.55,9.4
5,6.1,0.71,0.1,2.8,0.081,13,28,3.6,0.66,10.2
7,9.9,0.4,0.53,6.7,0.097,6,19,3.27,0.82,11.7
5,6.4,0.63,0.21,1.6,0.08,12,32,3.58,0.66,9.8
7,15.6,0.69,0.76,3.7,0.1,6,43,2.95,0.68,11.2
5,7,0.69,0,1.9,0.067,40,63,3.6,0.81,9.9
6,7.3,0.67,0.02,2.2,0.072,31,92,3.32,0.68,11.1
5,11,0.2,0.48,2,0.343,6,18,3.3,0.71,10.5
5,7.7,0.54,0.26,1.9,0.089,23,147,3.26,0.59,9.7
6,6.8,0.41,0.31,8.8,0.084,26,45,3.38,0.64,10.1
6,5.7,0.6,0,1.4,0.063,11,18,3.45,0.56,12.2
6,8.7,0.54,0.26,2.5,0.097,7,31,3.27,0.6,9.3
6,10.6,0.48,0.64,2.2,0.111,6,20,3.26,0.66,11.7
6,6,0.51,0,2.1,0.064,40,54,3.54,0.93,10.7
7,8,0.31,0.45,2.1,0.216,5,16,3.15,0.81,12.5
6,9.4,0.69,0.11,2.7,0.077,6,31,3.19,0.7,10.1
5,8.2,0.89,0.2,1.4,0.086,7,31,3.11,0.46,10
5,8.3,0.72,0.15,1.8,0.089,10,52,3.23,0.77,9.5
7,7,0.6,0.12,2.2,0.083,13,28,3.52,0.62,10.2
6,7.8,0.53,0.04,1.7,0.076,17,31,3.33,0.56,10
6,5.2,0.34,0,1.8,0.05,27,63,3.68,0.79,14
6,10.1,0.45,0.23,1.9,0.082,10,18,3.22,0.65,9.3
6,7.6,0.51,0.24,2.4,0.091,8,38,3.47,0.66,9.6
7,9.1,0.3,0.41,2,0.068,10,24,3.27,0.85,11.7
5,7,0.74,0.05,2,0.081,13,54,3.39,0.57,9.8
5,8.2,0.28,0.6,3,0.104,10,22,3.39,0.68,10.6
7,10.1,0.38,0.5,2.4,0.104,6,13,3.22,0.65,11.6
6,9.5,0.37,0.52,2,0.088,12,51,3.29,0.58,11.1
5,7.4,0.53,0.12,1.9,0.165,4,12,3.26,0.86,9.2
6,11.6,0.44,0.64,2.1,0.059,5,15,3.21,0.67,10.2
5,9.2,0.43,0.49,2.4,0.086,23,116,3.23,0.64,9.5
5,8.3,0.6,0.25,2.2,0.118,9,38,3.15,0.53,9.8
6,7.3,0.33,0.47,2.1,0.077,5,11,3.33,0.53,10.3
5,13,0.32,0.65,2.6,0.093,15,47,3.05,0.61,10.6
6,9.1,0.76,0.68,1.7,0.414,18,64,2.9,1.33,9.1
5,7.1,0.71,0,1.9,0.08,14,35,3.47,0.55,9.4
6,8.8,0.55,0.04,2.2,0.119,14,56,3.21,0.6,10.9
6,8,0.48,0.34,2.2,0.073,16,25,3.28,0.66,12.4
7,8.8,0.33,0.41,5.9,0.073,7,13,3.3,0.62,12.1
6,11.5,0.35,0.49,3.3,0.07,10,37,3.32,0.91,11
6,11.9,0.38,0.51,2,0.121,7,20,3.24,0.76,10.4
5,6.8,0.83,0.09,1.8,0.074,4,25,3.38,0.45,9.6
4,5.7,1.13,0.09,1.5,0.172,7,19,3.5,0.48,9.8
7,9.8,0.5,0.34,2.3,0.094,10,45,3.24,0.6,9.7
5,8.3,0.65,0.1,2.9,0.089,17,40,3.29,0.55,9.5
7,6.8,0.36,0.32,1.8,0.067,4,8,3.36,0.55,12.8
7,5.1,0.42,0,1.8,0.044,18,88,3.68,0.73,13.6
5,9.9,0.63,0.24,2.4,0.077,6,33,3.09,0.57,9.4
5,7.3,0.32,0.23,2.3,0.066,35,70,3.43,0.62,10.1
5,7.1,0.46,0.14,2.8,0.076,15,37,3.36,0.49,10.7
5,12.3,0.39,0.63,2.3,0.091,6,18,3.16,0.49,9.5
6,9.9,0.25,0.46,1.7,0.062,26,42,3.18,0.83,10.6
3,10.4,0.61,0.49,2.1,0.2,5,16,3.16,0.63,8.4
6,9.1,0.8,0,2.6,0.096,11,26,3.35,0.83,9.4
5,7.3,0.73,0.24,1.9,0.108,18,102,3.26,0.59,9.3
5,7.2,0.54,0.27,2.6,0.084,12,78,3.39,0.71,11
6,10.2,0.4,0.4,2.5,0.068,41,54,3.38,0.86,10.5
6,8.7,0.31,0.46,1.4,0.059,11,25,3.36,0.76,10.1
6,10.6,1.02,0.43,2.9,0.076,26,88,3.08,0.57,10.1
5,6.6,0.44,0.15,2.1,0.076,22,53,3.32,0.62,9.3
5,6.9,0.52,0.25,2.6,0.081,10,37,3.46,0.5,11
5,7.6,0.41,0.24,1.8,0.08,4,11,3.28,0.59,9.5
6,6.9,0.45,0.11,2.4,0.043,6,12,3.3,0.65,11.4
5,8.1,0.78,0.23,2.6,0.059,5,15,3.37,0.56,11.3
5,8.9,0.59,0.39,2.3,0.095,5,22,3.37,0.58,10.3
5,6.6,0.7,0.08,2.6,0.106,14,27,3.44,0.58,10.2
6,6.4,0.47,0.4,2.4,0.071,8,19,3.56,0.73,10.6
7,7.4,0.25,0.29,2.2,0.054,19,49,3.4,0.76,10.9
5,9.5,0.59,0.44,2.3,0.071,21,68,3.46,0.63,9.5
5,8.5,0.21,0.52,1.9,0.09,9,23,3.36,0.67,10.4
5,7.9,0.37,0.23,1.8,0.077,23,49,3.28,0.67,9.3
6,6.2,0.43,0.22,1.8,0.078,21,56,3.52,0.6,9.5
7,12.8,0.3,0.74,2.6,0.095,9,28,3.2,0.77,10.8
6,11.6,0.48,0.4,1.4,0.091,6,28,3.07,0.65,10
6,7.1,0.46,0.2,1.9,0.077,28,54,3.37,0.64,10.4
5,7.1,0.34,0.28,2,0.082,31,68,3.45,0.48,9.4
5,7.8,0.55,0.35,2.2,0.074,21,66,3.25,0.56,9.2
6,8.4,0.31,0.29,3.1,0.194,14,26,3.22,0.78,12
5,7.1,0.63,0.06,2,0.083,8,29,3.67,0.73,9.6
5,8.9,0.62,0.18,3.8,0.176,52,145,3.16,0.88,9.2
5,7.7,0.67,0,2.4,0.09,8,19,3.27,0.73,9.3
5,6.4,0.64,0.21,1.8,0.081,14,31,3.59,0.66,9.8
6,10.7,0.4,0.48,2.1,0.125,15,49,3.03,0.81,9.7
5,7.3,0.59,0.26,7.2,0.07,35,121,3.37,0.49,9.4
6,5.2,0.34,0,1.8,0.05,27,63,3.68,0.79,14
5,8.7,0.29,0.52,1.6,0.113,12,37,3.25,0.58,9.5
7,5.4,0.84,0.08,1.2,0.046,13,93,3.57,0.85,13
5,7.8,0.5,0.09,2.2,0.115,10,42,3.18,0.62,9.5
7,5.4,0.42,0.27,2,0.092,23,55,3.78,0.64,12.3
6,7.2,0.52,0.07,1.4,0.074,5,20,3.32,0.81,9.6
5,7.8,0.63,0.48,1.7,0.1,14,96,3.19,0.62,9.5
5,7.5,0.58,0.14,2.2,0.077,27,60,3.28,0.59,9.8
6,10,0.49,0.2,11,0.071,13,50,3.16,0.69,9.2
5,8.8,0.6,0.29,2.2,0.098,5,15,3.36,0.49,9.1
5,9.9,0.35,0.41,2.3,0.083,11,61,3.21,0.5,9.5
5,6,0.5,0,1.4,0.057,15,26,3.36,0.45,9.5
7,15,0.21,0.44,2.2,0.075,10,24,3.07,0.84,9.2
5,9.3,0.61,0.26,3.4,0.09,25,87,3.24,0.62,9.7
6,10.1,0.31,0.44,2.3,0.08,22,46,3.32,0.67,9.7
6,5.8,1.01,0.66,2,0.039,15,88,3.66,0.6,11.5
6,7.7,0.23,0.37,1.8,0.046,23,60,3.41,0.71,12.1
6,11.1,0.18,0.48,1.5,0.068,7,15,3.22,0.64,10.1
6,12.6,0.38,0.66,2.6,0.088,10,41,3.17,0.68,9.8
5,6.7,0.75,0.12,2,0.086,12,80,3.38,0.52,10.1
6,11.3,0.36,0.66,2.4,0.123,3,8,3.2,0.53,11.9
5,5.9,0.65,0.12,2,0.075,32,44,3.57,0.71,10.2
5,8.6,0.38,0.36,3,0.081,30,119,3.2,0.56,9.4
6,12.6,0.39,0.49,2.5,0.08,8,20,3.07,0.82,10.3
5,9,0.66,0.17,3,0.077,5,13,3.29,0.55,10.4
6,9.8,0.44,0.47,2.5,0.063,9,28,3.24,0.65,10.8
6,7.6,0.3,0.42,2,0.052,6,24,3.44,0.82,11.9
5,6.1,0.32,0.25,1.8,0.086,5,32,3.36,0.44,10.1
6,7.5,0.49,0.2,2.6,0.332,8,14,3.21,0.9,10.5
6,7.8,0.58,0.13,2.1,0.102,17,36,3.24,0.53,11.2
5,8,0.42,0.32,2.5,0.08,26,122,3.22,1.07,9.7
5,6.6,0.61,0.01,1.9,0.08,8,25,3.69,0.73,10.5
5,7.5,0.49,0.19,1.9,0.076,10,44,3.39,0.54,9.7
5,9.9,0.72,0.55,1.7,0.136,24,52,3.35,0.94,10
6,8.3,0.34,0.4,2.4,0.065,24,48,3.34,0.86,11
7,9.1,0.21,0.37,1.6,0.067,6,10,3.23,0.58,11.1
5,7.2,0.6,0.04,2.5,0.076,18,88,3.53,0.55,9.5
7,9.2,0.31,0.36,2.2,0.079,11,31,3.33,0.86,12
5,15.5,0.65,0.49,4.2,0.095,10,23,2.92,0.74,11.1
5,10.6,0.28,0.39,15.5,0.069,6,23,3.12,0.66,9.2
5,7.1,0.74,0.16,1.9,0.1,15,77,3.27,0.64,9.3
5,7.7,0.78,0.42,1.9,0.092,8,86,3.23,0.59,9.5
6,10.9,0.39,0.47,1.8,0.118,6,14,3.3,0.75,9.8
6,6.4,0.87,0.03,3.2,0.071,27,58,3.61,0.49,12.7
4,8.5,0.4,0.4,6.3,0.05,3,10,3.28,0.56,12
6,8,0.71,0.05,1.9,0.074,8,19,3.34,0.95,10.5
5,8,0.81,0.25,3.4,0.076,34,85,3.19,0.42,9.2
5,8.6,0.47,0.3,3,0.076,30,135,3.3,0.53,9.4
6,6.4,0.79,0.04,2.2,0.061,11,17,3.53,0.65,10.4
6,6.1,0.21,0.4,1.4,0.066,41,165,3.25,0.59,11.9
6,8.2,0.4,0.31,1.9,0.082,8,24,3.24,0.69,10.6
5,8,0.28,0.44,1.8,0.081,28,68,3.36,0.66,11.2
6,7.8,0.5,0.12,1.8,0.178,6,21,3.28,0.87,9.8
7,7,0.56,0.17,1.7,0.065,15,24,3.44,0.68,10.6
6,9.5,0.46,0.24,2.7,0.092,14,44,3.12,0.74,10
4,8.1,0.73,0,2.5,0.081,12,24,3.38,0.46,9.6
6,8.2,0.38,0.32,2.5,0.08,24,71,3.27,0.85,11
5,12.7,0.6,0.49,2.8,0.075,5,19,3.14,0.57,11.4
6,6.9,0.44,0,1.4,0.07,32,38,3.32,0.58,11.4
7,6.6,0.84,0.03,2.3,0.059,32,48,3.52,0.56,12.3
6,11.9,0.39,0.69,2.8,0.095,17,35,3.1,0.61,10.8
5,7,0.23,0.4,1.6,0.063,21,67,3.5,0.63,11.1
5,6.7,0.64,0.23,2.1,0.08,11,119,3.36,0.7,10.9
5,9.2,0.92,0.24,2.6,0.087,12,93,3.48,0.54,9.8
5,8.9,0.75,0.14,2.5,0.086,9,30,3.34,0.64,10.5
6,8.2,0.51,0.24,2,0.079,16,86,3.34,0.64,9.5
7,9.6,0.38,0.31,2.5,0.096,16,49,3.19,0.7,10
6,6.5,0.61,0,2.2,0.095,48,59,3.61,0.7,11.5
5,7,0.66,0.16,2.1,0.074,8,25,3.37,0.55,9.7
6,10.1,0.27,0.54,2.3,0.065,7,26,3.17,0.53,12.5
7,8.4,0.25,0.39,2,0.041,4,10,3.27,0.71,12.5
7,9.8,0.34,0.39,1.4,0.066,3,7,3.19,0.55,11.4
6,6.5,0.4,0.1,2,0.076,30,47,3.36,0.48,9.4
7,8.7,0.41,0.41,6.2,0.078,25,42,3.24,0.77,12.6
5,6.8,0.63,0.12,3.8,0.099,16,126,3.28,0.61,9.5
5,7.6,0.67,0.1,1.5,0.066,27,55,3.39,0.51,9.3
5,7.6,0.54,0.13,2.5,0.097,24,66,3.39,0.61,9.4
5,8.1,0.87,0,2.2,0.084,10,31,3.25,0.5,9.8
4,7.3,0.55,0.03,1.6,0.072,17,42,3.37,0.48,9
6,6.9,0.51,0.23,2,0.072,13,22,3.4,0.84,11.2
6,7.8,0.65,0,2,0.082,8,16,3.38,0.59,9.8
5,8.3,0.56,0.22,2.4,0.082,10,86,3.37,0.62,9.5
7,8.2,0.26,0.34,2.5,0.073,16,47,3.4,0.78,11.3
6,8.5,0.37,0.32,1.8,0.066,26,51,3.38,0.72,11.8
6,5,0.4,0.5,4.3,0.046,29,80,3.49,0.66,13.6
6,7.5,0.51,0.02,1.7,0.084,13,31,3.36,0.54,10.5
6,10.3,0.41,0.42,2.4,0.213,6,14,3.19,0.62,9.5
5,7.3,0.74,0,2.2,0.08,18,28,3.41,0.6,9.4
5,7.9,0.72,0.01,1.9,0.076,7,32,3.39,0.54,9.6
6,8,0.38,0.06,1.8,0.078,12,49,3.37,0.52,9.9
7,9.3,0.37,0.44,1.6,0.038,21,42,3.24,0.81,10.8
7,7.2,0.37,0.32,2,0.062,15,28,3.23,0.73,11.3
6,10.4,0.55,0.23,2.7,0.091,18,48,3.22,0.64,10.3
5,7.1,0.34,0.28,2,0.082,31,68,3.45,0.48,9.4
5,6.9,0.67,0.06,2.1,0.08,8,33,3.68,0.71,9.6
6,7.1,0.6,0,1.8,0.074,16,34,3.47,0.7,9.9
5,7.3,0.84,0.03,2.1,0.092,10,19,3.39,0.47,9.6
6,6.2,0.52,0.08,4.4,0.071,11,32,3.56,0.63,11.6
5,7.2,0.66,0.03,2.3,0.078,16,86,3.53,0.57,9.7
6,7.2,0.52,0.07,1.4,0.074,5,20,3.32,0.81,9.6
5,9.3,0.66,0.26,2,0.096,5,35,3.25,0.42,9.6
6,11.2,0.67,0.55,2.3,0.084,6,13,3.17,0.71,9.5
5,7.4,0.41,0.24,1.8,0.066,18,47,3.37,0.62,10.4
5,7.7,0.49,0.26,1.9,0.062,9,31,3.39,0.64,9.6
7,12,0.5,0.59,1.4,0.073,23,42,2.92,0.68,10.5
6,7.7,0.57,0.21,1.5,0.069,4,9,3.16,0.54,9.8
5,9.2,0.59,0.24,3.3,0.101,20,47,3.26,0.67,9.6
6,8.6,0.65,0.25,2,0.083,8,28,3.28,0.6,10
6,7.8,0.54,0.26,2,0.088,23,48,3.41,0.74,9.2
5,12.7,0.6,0.65,2.3,0.063,6,25,3.03,0.57,9.9
5,7.9,0.66,0,1.4,0.096,6,13,3.43,0.58,9.5
6,10.4,0.34,0.58,3.7,0.174,6,16,3.19,0.7,11.3
6,7.1,0.6,0,1.8,0.074,16,34,3.47,0.7,9.9
5,9.1,0.34,0.42,1.8,0.058,9,18,3.18,0.55,11.4
5,7.2,0.7,0.13,2,0.076,12,20,3.29,0.54,10.1
6,6.4,0.36,0.53,2.2,0.23,19,35,3.37,0.93,12.4
5,10.4,0.64,0.24,2.8,0.105,29,53,3.24,0.67,9.9
7,8.9,0.28,0.45,1.7,0.067,7,12,3.25,0.55,12.3
5,8.3,0.72,0.15,1.8,0.089,10,52,3.23,0.77,9.5
6,11.5,0.18,0.51,4,0.104,4,23,3.28,0.97,10.1
7,12.5,0.28,0.54,2.3,0.082,12,29,3.11,1.36,9.8
7,7.6,0.31,0.34,2.5,0.082,26,35,3.22,0.59,12.5
6,7.4,0.79,0.19,5.2,0.094,19,98,3.16,0.52,9.6
6,6.8,0.65,0.02,2.1,0.078,8,15,3.35,0.62,10.4
5,9,0.82,0.05,2.4,0.081,26,96,3.36,0.53,10
5,9.8,0.39,0.43,1.7,0.068,5,11,3.19,0.46,11.4
4,8.3,0.63,0.2,1.5,0.08,27,119,3.16,1.12,9.1
6,7.9,0.58,0.23,2.3,0.076,23,94,3.21,0.58,9.5
7,8.7,0.48,0.3,2.8,0.066,10,28,3.33,0.67,11.2
7,10,0.41,0.45,6.2,0.071,6,14,3.21,0.49,11.8
5,9.1,0.52,0.33,1.3,0.07,9,30,3.24,0.6,9.3
7,7.9,0.65,0.01,2.5,0.078,17,38,3.34,0.74,11.7
5,6.8,0.69,0,5.6,0.124,21,58,3.46,0.72,10.2
6,8.3,0.6,0.13,2.6,0.085,6,24,3.31,0.59,9.2
5,9.7,0.32,0.54,2.5,0.094,28,83,3.28,0.82,9.6
6,9.6,0.77,0.12,2.9,0.082,30,74,3.3,0.64,10.4
6,7.2,0.63,0,1.9,0.097,14,38,3.37,0.58,9
8,7.8,0.57,0.09,2.3,0.065,34,45,3.46,0.74,12.7
6,7.5,0.63,0.27,2,0.083,17,91,3.26,0.58,9.8
7,6.7,0.28,0.28,2.4,0.012,36,100,3.26,0.39,11.7
7,5.3,0.47,0.11,2.2,0.048,16,89,3.54,0.88,13.6
5,10.8,0.89,0.3,2.6,0.132,7,60,2.99,1.18,10.2
6,9.3,0.49,0.36,1.7,0.081,3,14,3.27,0.78,10.9
5,9.8,0.88,0.25,2.5,0.104,35,155,3.41,0.67,11.2
6,6.9,0.41,0.33,2.2,0.081,22,36,3.41,0.75,11.1
5,7.9,0.43,0.21,1.6,0.106,10,37,3.17,0.91,9.5
7,8.9,0.4,0.32,5.6,0.087,10,47,3.38,0.77,10.5
6,9,0.43,0.34,2.5,0.08,26,86,3.38,0.62,9.5
6,7.2,0.66,0.33,2.5,0.068,34,102,3.27,0.78,12.8
5,7.2,0.34,0.24,2,0.071,30,52,3.44,0.58,10.1
5,10.6,0.36,0.6,2.2,0.152,7,18,3.04,1.06,9.4
5,7.6,0.46,0.11,2.6,0.079,12,49,3.21,0.57,10
5,8.6,0.52,0.38,1.5,0.096,5,18,3.2,0.52,9.4
6,7.9,0.24,0.4,1.6,0.056,11,25,3.32,0.87,8.7
5,9.3,0.27,0.41,2,0.091,6,16,3.28,0.7,9.7
6,8.2,0.74,0.09,2,0.067,5,10,3.28,0.57,11.8
6,6.9,0.74,0.03,2.3,0.054,7,16,3.45,0.63,11.5
5,7.1,0.68,0.07,1.9,0.075,16,51,3.38,0.52,9.5
5,8.7,0.68,0.1,1.6,0.09,4,11,3.31,0.65,9.6
5,6.6,0.88,0.04,2.2,0.066,12,20,3.53,0.56,9.9
7,6.1,0.4,0.16,1.8,0.069,11,25,3.42,0.74,10.1
6,7,0.69,0,1.9,0.114,3,10,3.35,0.6,9.7
7,11,0.3,0.58,2.1,0.054,7,19,3.31,0.88,10.5
5,7.3,0.58,0.3,2.4,0.074,15,55,3.46,0.59,10.2
7,10.5,0.42,0.66,3,0.116,12,29,3.24,0.75,11.7
5,9.8,1.24,0.34,2,0.079,32,151,3.15,0.53,9.5
5,8,0.71,0,2.6,0.08,11,34,3.44,0.53,9.5
5,6.8,0.67,0.02,1.8,0.05,5,11,3.48,0.52,9.5
6,8.9,0.75,0.18,2.5,0.077,15,48,3.2,0.47,9.7
6,9.1,0.6,0,1.9,0.058,5,10,3.18,0.63,10.4
6,7.2,0.62,0.01,2.3,0.065,8,46,3.32,0.51,11.8
5,9.3,0.43,0.44,1.9,0.085,9,22,3.28,0.55,9.5
5,7.6,0.55,0.21,2.2,0.071,7,28,3.28,0.55,9.7
5,8.9,0.48,0.24,2.9,0.094,35,106,3.1,0.53,9.2
6,6.9,0.4,0.14,2.4,0.085,21,40,3.43,0.63,9.7
6,7.6,0.41,0.14,3,0.087,21,43,3.32,0.57,10.5
4,7.5,1.12,0.1,3.1,0.086,5,12,3.54,0.6,11.2
5,8.4,0.65,0.6,2.1,0.112,12,90,3.2,0.52,9.2
5,8.5,0.46,0.31,2.3,0.078,32,58,3.33,0.54,9.8
6,7,0.64,0.02,2.1,0.067,9,23,3.47,0.67,9.4
5,9.4,0.4,0.47,2.5,0.087,6,20,3.15,0.5,10.5
6,6,0.49,0,2.3,0.068,15,33,3.58,0.59,12.5
5,7.6,0.95,0.03,2,0.09,7,20,3.2,0.56,9.6
6,7.9,0.19,0.42,1.6,0.057,18,30,3.29,0.69,11.2
7,9.2,0.41,0.5,2.5,0.055,12,25,3.34,0.79,13.3
5,6.7,0.58,0.08,1.8,0.097,15,65,3.28,0.54,9.2
6,8.2,0.42,0.49,2.6,0.084,32,55,3.34,0.75,8.7
5,8.1,1.33,0,1.8,0.082,3,12,3.54,0.48,10.9
6,5.2,0.65,0,2.2,0.08,15,28,3.78,0.61,12.5
5,9.3,0.43,0.44,1.9,0.085,9,22,3.28,0.55,9.5
6,8,0.25,0.43,1.7,0.067,22,50,3.38,0.6,11.9
5,9.2,0.56,0.18,1.6,0.078,10,21,3.15,0.49,9.9
7,8.9,0.12,0.45,1.8,0.075,10,21,3.41,0.76,11.9
5,8.6,0.49,0.29,2,0.11,19,133,2.93,1.98,9.8
5,15.5,0.65,0.49,4.2,0.095,10,23,2.92,0.74,11.1
6,10.2,0.54,0.37,15.4,0.214,55,95,3.18,0.77,9
5,6,0.5,0.04,2.2,0.092,13,26,3.46,0.47,10
5,7.5,0.61,0.26,1.9,0.073,24,88,3.3,0.53,9.8
4,6.5,0.58,0,2.2,0.096,3,13,3.62,0.62,11.5
7,8.6,0.22,0.36,1.9,0.064,53,77,3.47,0.87,11
5,6.8,0.5,0.11,1.5,0.075,16,49,3.36,0.79,9.5
5,7.1,0.48,0.28,2.8,0.068,6,16,3.24,0.53,10.3
6,8.9,0.84,0.34,1.4,0.05,4,10,3.12,0.48,9.1
7,11.6,0.53,0.66,3.7,0.121,6,14,3.05,0.74,11.5
5,8.2,0.6,0.17,2.3,0.072,11,73,3.2,0.45,9.3
6,8.1,0.55,0.18,1.9,0.08,13,35,3.3,0.59,9
5,7.8,0.56,0.19,1.8,0.104,12,47,3.19,0.93,9.5
6,10.3,0.27,0.24,2.1,0.072,15,33,3.22,0.66,12.8
5,7.1,0.31,0.3,2.2,0.053,36,127,2.94,1.62,9.5
6,6.6,0.5,0.04,2.1,0.068,6,14,3.39,0.64,9.4
7,7.5,0.27,0.34,2.3,0.05,4,8,3.4,0.64,11
6,6.8,0.57,0,2.5,0.072,32,64,3.43,0.56,11.2
5,8.4,0.59,0.29,2.6,0.109,31,119,3.15,0.5,9.1
5,9,0.58,0.25,2,0.104,8,21,3.27,0.72,9.6
5,8.7,0.82,0.02,1.2,0.07,36,48,3.2,0.58,9.8
6,6.8,0.64,0.03,2.3,0.075,14,31,3.36,0.58,10.4
6,8.2,0.44,0.24,2.3,0.063,10,28,3.25,0.53,10.2
5,7.8,0.6,0.26,2,0.08,31,131,3.21,0.52,9.9
5,12.5,0.38,0.6,2.6,0.081,31,72,3.1,0.73,10.5
6,13.7,0.42,0.68,2.9,0.085,17,43,3.06,0.8,10
6,4.7,0.6,0.17,2.3,0.058,17,106,3.85,0.6,12.9
5,7.5,0.42,0.32,2.7,0.067,7,25,3.24,0.44,10.4
5,6.9,0.58,0.01,1.9,0.08,40,54,3.4,0.73,9.7
6,8.2,0.59,0,2.5,0.093,19,58,3.5,0.65,9.3
6,6.5,0.53,0.06,2,0.063,29,44,3.38,0.83,10.3
6,7.2,0.38,0.3,1.8,0.073,31,70,3.42,0.59,9.5
6,5.2,0.49,0.26,2.3,0.09,23,74,3.71,0.62,12.2
6,8.7,0.69,0.31,3,0.086,23,81,3.48,0.74,11.6
5,8.5,0.46,0.59,1.4,0.414,16,45,3.03,1.34,9.2
5,6.9,0.77,0.02,2.3,0.063,35,63,3.57,0.78,9.9
5,6.8,0.59,0.1,1.7,0.063,34,53,3.41,0.67,9.7
5,8.8,0.4,0.4,2.2,0.079,19,52,3.44,0.64,9.2
5,6.2,0.46,0.29,2.1,0.074,32,98,3.33,0.62,9.8
6,7,0.36,0.21,2.3,0.086,20,65,3.4,0.54,10.1
5,9.8,0.45,0.38,2.5,0.081,34,66,3.15,0.58,9.8
6,8.1,0.55,0.18,1.9,0.08,13,35,3.3,0.59,9
6,9.8,0.5,0.49,2.6,0.25,5,20,3.31,0.79,10.7
6,6.9,0.54,0.3,2.2,0.088,9,105,3.25,1.18,10.5
5,10.8,0.5,0.46,2.5,0.073,5,27,3.05,0.64,9.5
6,9.3,0.78,0.27,2.8,0.078,24,56,3.31,0.67,10.6
6,7.6,0.36,0.31,1.7,0.079,26,65,3.46,0.62,9.5
5,8.4,0.29,0.4,1.7,0.067,8,20,3.39,0.6,10.5
6,7.4,0.49,0.27,2.1,0.071,14,25,3.35,0.63,12
5,7,0.42,0.19,2.3,0.071,18,36,3.39,0.56,10.9
5,6.6,0.71,0.07,1.6,0.076,6,15,3.44,0.58,10.7
6,11.9,0.39,0.69,2.8,0.095,17,35,3.1,0.61,10.8
6,10,0.56,0.24,2.2,0.079,19,58,3.18,0.56,10.1
5,9.6,0.41,0.37,2.3,0.091,10,23,3.24,0.56,10.5
6,7.7,0.53,0.06,1.7,0.074,9,39,3.35,0.48,9.8
6,10.6,0.44,0.68,4.1,0.114,6,24,3.06,0.66,13.4
6,10.9,0.32,0.52,1.8,0.132,17,44,3.28,0.77,11.5
6,6,0.58,0.2,2.4,0.075,15,50,3.58,0.67,12.5
5,15.6,0.65,0.49,4.2,0.095,10,23,2.92,0.74,11.1
5,6.3,0.57,0.28,2.1,0.048,13,49,3.41,0.6,12.8
7,11.5,0.54,0.71,4.4,0.124,6,15,3.01,0.83,11.8
5,7.2,0.73,0.05,4.7,0.086,4,11,3.41,0.39,10.9
6,11.1,0.45,0.73,3.2,0.066,6,22,3.17,0.66,11.2
5,7,0.62,0.1,1.4,0.071,27,63,3.28,0.61,9.2
6,7.2,0.35,0.26,1.8,0.083,33,75,3.4,0.58,9.5
5,8.4,0.56,0.04,2,0.082,10,22,3.22,0.44,9.6
6,6.3,0.36,0.19,3.2,0.075,15,39,3.56,0.52,12.7
6,6.8,0.51,0.01,2.1,0.074,9,25,3.33,0.56,9.5
5,7.7,0.6,0,2.6,0.055,7,13,3.38,0.56,10.8
6,10.8,0.47,0.43,2.1,0.171,27,66,3.17,0.76,10.8
5,7.3,0.59,0.18,2.4,0.078,15,60,3.31,0.54,9.8
5,6.1,0.64,0.02,2.4,0.069,26,46,3.47,0.45,11
7,11.6,0.41,0.54,1.5,0.095,22,41,3.02,0.76,9.9
5,9.4,0.59,0.14,2,0.084,25,48,3.14,0.56,9.7
7,7.9,0.3,0.68,8.3,0.05,38,289,3.01,0.51,12.3
6,5,0.74,0,1.2,0.041,16,46,4.01,0.59,12.5
6,8,0.33,0.53,2.5,0.091,18,80,3.37,0.8,9.6
7,8.3,0.31,0.39,2.4,0.078,17,43,3.31,0.77,12.5
6,9.5,0.78,0.22,1.9,0.077,6,32,3.26,0.56,10.6
7,9.5,0.39,0.41,8.9,0.069,18,39,3.29,0.81,10.9
4,6.5,0.67,0,4.3,0.057,11,20,3.45,0.56,11.8
7,9.4,0.41,0.48,4.6,0.072,10,20,3.34,0.79,12.2
6,7.2,0.5,0.18,2.1,0.071,12,31,3.52,0.72,9.6
5,6.3,0.39,0.08,1.7,0.066,3,20,3.34,0.58,9.4
6,11.8,0.38,0.55,2.1,0.071,5,19,3.11,0.62,10.8
6,8.8,0.3,0.38,2.3,0.06,19,72,3.39,0.72,11.8
6,6.3,0.55,0.15,1.8,0.077,26,35,3.32,0.82,11.6
6,9,0.4,0.41,2,0.058,15,40,3.22,0.6,12.2
7,8.9,0.38,0.4,2.2,0.068,12,28,3.27,0.75,12.6
6,11.5,0.18,0.51,4,0.104,4,23,3.28,0.97,10.1
5,10,0.73,0.43,2.3,0.059,15,31,3.15,0.57,11
5,6.2,0.65,0.06,1.6,0.05,6,18,3.57,0.54,12
7,11.8,0.33,0.49,3.4,0.093,54,80,3.3,0.76,10.7
5,7.2,0.7,0.13,2,0.076,12,20,3.29,0.54,10.1
5,10.2,0.42,0.57,3.4,0.07,4,10,3.04,0.63,9.6
6,7,0.69,0.08,1.8,0.097,22,89,3.34,0.54,9.2
6,7.1,0.75,0.01,2.2,0.059,11,18,3.39,0.4,12.8
6,8.6,0.32,0.4,2.2,0.079,3,6,3.27,0.67,11.9
6,10.6,0.34,0.49,3.2,0.078,20,78,3.19,0.7,10
6,8.1,0.53,0.22,2.2,0.078,33,89,3.26,0.46,9.6
5,10.4,0.28,0.54,2.7,0.105,5,19,3.25,0.63,9.5
4,4.6,0.52,0.15,2.1,0.054,8,65,3.9,0.56,13.1
6,7.5,0.57,0.08,2.6,0.089,14,27,3.3,0.59,10.4
7,6.7,0.28,0.28,2.4,0.012,36,100,3.26,0.39,11.7
6,7.9,0.77,0,2,0.084,9,22,3.33,0.68,10.9
4,5.6,0.62,0.03,1.5,0.08,6,13,3.66,0.62,10.1
6,6.3,0.68,0.01,3.7,0.103,32,54,3.51,0.66,11.3
5,6.9,0.63,0.02,1.9,0.078,18,30,3.4,0.75,9.8
7,11.7,0.28,0.47,1.7,0.054,17,32,3.15,0.67,10.6
5,6.9,0.4,0.24,2.5,0.083,30,45,3.26,0.58,10
6,8.1,0.72,0.09,2.8,0.084,18,49,3.43,0.72,11.1
6,7.2,0.34,0.21,2.5,0.075,41,68,3.37,0.54,10.1
6,6.2,0.7,0.15,5.1,0.076,13,27,3.54,0.6,11.9
6,7.7,0.61,0.18,2.4,0.083,6,20,3.29,0.6,10.2
5,7.7,0.97,0.1,2.1,0.112,11,22,3.26,0.5,9.5
5,10.6,1.03,0.43,2.8,0.08,21,84,3.06,0.57,10.1
5,9.9,0.57,0.25,2,0.104,12,89,3.04,0.9,10.1
5,9,0.6,0.29,2,0.069,32,73,3.34,0.57,10
6,14,0.41,0.63,3.8,0.089,6,47,3.01,0.81,10.8
4,7.6,0.68,0.02,1.3,0.072,9,20,3.17,1.08,9.2
7,10.5,0.24,0.42,1.8,0.077,6,22,3.21,1.05,10.8
6,7.3,0.67,0.02,2.2,0.072,31,92,3.32,0.68,11.1
5,8.7,0.46,0.31,2.5,0.126,24,64,3.1,0.74,9.6
6,7.1,0.59,0,2.2,0.078,26,44,3.42,0.68,10.8
6,7,0.69,0.07,2.5,0.091,15,21,3.38,0.6,11.3
5,8.6,0.55,0.09,3.3,0.068,8,17,3.23,0.44,10
5,6.4,0.64,0.21,1.8,0.081,14,31,3.59,0.66,9.8
3,7.4,1.19,0,4.3,0.097,5,14,3.63,0.54,10.7
6,6.8,0.6,0.18,1.9,0.079,18,86,3.59,0.57,9.3
6,6.7,0.46,0.24,1.7,0.077,18,34,3.39,0.6,10.6
3,6.7,0.76,0.02,1.8,0.078,6,12,3.55,0.63,10
5,12.2,0.45,0.49,1.4,0.075,3,6,3.13,0.63,10.4
5,7.3,0.74,0.08,1.7,0.094,10,45,3.24,0.5,9.8
7,10.1,0.43,0.4,2.6,0.092,13,52,3.22,0.64,10
6,10.9,0.53,0.49,4.6,0.118,10,17,3.07,0.56,11.7
7,13.3,0.29,0.75,2.8,0.084,23,43,3.04,0.68,11.4
5,6.9,0.55,0.15,2.2,0.076,19,40,3.41,0.59,10.1
6,5.4,0.74,0.09,1.7,0.089,16,26,3.67,0.56,11.6
6,8.1,0.83,0.24,2.1,0.084,5,13,3.37,0.77,10.7
6,8,0.3,0.63,1.6,0.081,16,29,3.3,0.78,10.8
4,7.9,0.89,0.03,1.8,0.058,4,8,3.36,0.33,9.1
6,6.3,0.76,0,2.9,0.072,26,52,3.51,0.6,11.5
6,8.6,0.53,0.22,2,0.1,7,27,3.2,0.56,10.2
7,7.3,0.55,0.01,1.8,0.093,9,15,3.35,0.58,11
6,8.7,0.42,0.45,2.4,0.072,32,59,3.33,0.77,12
6,7.3,0.31,0.39,1.2,0.059,7,11,3.29,0.52,11.5
6,7.4,0.49,0.27,2.1,0.071,14,25,3.35,0.63,12
5,9.3,0.41,0.39,2.2,0.064,12,31,3.26,0.65,10.2
6,11.5,0.59,0.59,2.6,0.087,13,49,3.18,0.65,11
5,8.4,0.6,0.1,2.2,0.085,14,111,3.15,0.66,9.8
6,7,0.43,0.3,2,0.085,6,39,3.33,0.46,11.9
5,9.3,0.4,0.49,2.5,0.085,38,142,3.22,0.55,9.4
6,6.6,0.86,0.02,2.4,0.062,15,23,3.54,0.6,11
6,8.2,0.4,0.44,2.8,0.089,11,43,3.53,0.61,10.5
5,9,0.47,0.31,2.7,0.084,24,125,3.31,0.61,9.4
6,11.9,0.4,0.65,2.2,0.068,7,27,3.06,0.68,11.3
6,7.1,0.16,0.44,2.5,0.068,17,31,3.35,0.54,12.4
6,6.9,0.54,0.04,3,0.077,7,27,3.69,0.91,9.4
7,7.7,0.28,0.3,2,0.062,18,34,3.28,0.9,11.3
7,7.3,0.65,0,1.2,0.065,15,21,3.39,0.47,10
5,7.7,0.69,0.05,2.7,0.075,15,27,3.26,0.61,9.1
6,7,0.43,0.36,1.6,0.089,14,37,3.34,0.56,9.2
5,8.6,0.47,0.27,2.3,0.055,14,28,3.18,0.8,11.2
5,10,0.32,0.59,2.2,0.077,3,15,3.2,0.78,9.6
7,10.2,0.44,0.42,2,0.071,7,20,3.14,0.79,11.1
7,7.3,0.48,0.32,2.1,0.062,31,54,3.3,0.65,10
6,6.6,0.39,0.49,1.7,0.07,23,149,3.12,0.5,11.5
5,6.9,0.56,0.03,1.5,0.086,36,46,3.53,0.57,10.6
7,7.5,0.43,0.3,2.2,0.062,6,12,3.44,0.72,11.5
5,10,0.29,0.4,2.9,0.098,10,26,3.48,0.91,9.7
7,11.9,0.7,0.53,3.4,0.128,7,21,3.17,0.84,12.2
5,7.3,0.37,0.49,2.5,0.088,39,106,3.36,0.78,11
6,13.2,0.46,0.52,2.2,0.071,12,35,3.1,0.56,9
5,8.1,0.38,0.48,1.8,0.157,5,17,3.3,1.05,9.4
6,8,0.42,0.17,2,0.073,6,18,3.29,0.61,9.2
5,6.4,0.4,0.23,1.6,0.066,5,12,3.34,0.56,9.2
5,8.7,0.78,0.51,1.7,0.415,12,66,3,1.17,9.2
8,7.2,0.38,0.31,2,0.056,15,29,3.23,0.76,11.3
5,5.3,0.72,0.19,1.5,0.161,7,62,3.62,0.61,11
5,7,0.49,0.49,5.6,0.06,26,121,3.34,0.76,10.5
5,8.3,0.54,0.24,3.4,0.076,16,112,3.27,0.61,9.4
6,13,0.47,0.49,4.3,0.085,6,47,3.3,0.68,12.7
6,13.4,0.27,0.62,2.6,0.082,6,21,3.16,0.67,9.7
6,8.8,0.55,0.04,2.2,0.119,14,56,3.21,0.6,10.9
6,13.8,0.49,0.67,3,0.093,6,15,3.02,0.93,12
5,7.7,0.84,0,2.6,0.081,6,14,3.3,0.52,9.3
7,7.2,0.48,0.07,5.5,0.089,10,18,3.37,0.68,11.2
6,6.9,0.61,0.12,10.7,0.073,40,83,3.45,0.52,9.4
5,7.6,0.49,0.33,1.9,0.074,27,85,3.41,0.58,9
5,8.1,0.56,0.28,1.7,0.368,16,56,3.11,1.28,9.3
5,8.8,0.61,0.14,2.4,0.067,10,42,3.19,0.59,9.5
6,8.8,0.61,0.19,4,0.094,30,69,3.22,0.5,10
6,7.5,0.71,0,1.6,0.092,22,31,3.38,0.58,10
5,9,0.48,0.32,2.8,0.084,21,122,3.32,0.62,9.4
5,7.7,0.39,0.12,1.7,0.097,19,27,3.16,0.49,9.4
6,11.6,0.48,0.4,1.4,0.091,6,28,3.07,0.65,10
6,8,0.72,0.22,2.3,0.075,13,81,3.24,0.54,9.5
5,6.8,0.67,0,1.9,0.08,22,39,3.4,0.74,9.7
6,6.2,0.44,0.39,2.5,0.077,6,14,3.51,0.69,11
5,11.3,0.37,0.41,2.3,0.088,6,16,3.09,0.8,9.3
5,7.7,1.01,0.15,2.1,0.102,11,32,3.23,0.48,10
8,7.9,0.35,0.46,3.6,0.078,15,37,3.35,0.86,12.8
6,6.4,0.67,0.08,2.1,0.045,19,48,3.49,0.49,11.4
6,7.4,0.79,0.19,5.2,0.094,19,98,3.16,0.52,9.6
5,7.4,0.61,0.01,2,0.074,13,38,3.48,0.65,9.8
6,8.2,0.2,0.43,2.5,0.076,31,51,3.53,0.81,10.4
6,6.9,0.77,0.18,2.4,0.243,6,48,3.4,0.6,10.3
6,7.9,0.32,0.51,1.8,0.341,17,56,3.04,1.08,9.2
6,7.8,0.65,0,5.5,0.086,5,18,3.4,0.55,9.6
5,9.9,0.35,0.55,2.1,0.062,5,14,3.26,0.79,10.6
7,15,0.21,0.44,2.2,0.075,10,24,3.07,0.84,9.2
6,9.7,0.42,0.46,2.1,0.074,5,16,3.27,0.74,12.3
6,6.3,0.51,0.13,2.3,0.076,29,40,3.42,0.75,11
6,10.8,0.32,0.44,1.6,0.063,16,37,3.22,0.78,10
5,7.2,0.41,0.3,2.1,0.083,35,72,3.44,0.52,9.4
6,7.9,0.29,0.49,2.2,0.096,21,59,3.31,0.67,10.1
7,10.5,0.26,0.47,1.9,0.078,6,24,3.18,1.04,10.9
5,7.4,0.53,0.26,2,0.101,16,72,3.15,0.57,9.4
6,7.1,0.6,0.01,2.3,0.079,24,37,3.4,0.61,10.9
4,8.8,0.96,0.05,1.8,0.075,5,19,3.3,0.44,9.6
5,7.7,0.94,0.43,2.2,0.114,22,114,3.25,0.73,9.2
6,8.6,0.49,0.28,1.9,0.11,20,136,2.93,1.95,9.9
5,6.7,0.54,0.13,2,0.076,15,36,3.61,0.64,9.8
5,5.6,0.66,0,2.5,0.066,7,15,3.52,0.58,12.9
6,8.6,0.49,0.28,1.9,0.11,20,136,2.93,1.95,9.9
7,8.3,0.31,0.39,2.4,0.078,17,43,3.31,0.77,12.5
8,5.6,0.85,0.05,1.4,0.045,12,88,3.56,0.82,12.9
5,6.3,0.39,0.16,1.4,0.08,11,23,3.34,0.56,9.3
6,7.3,0.66,0,2,0.084,6,23,3.61,0.96,9.9
5,5.6,0.61,0.05,2.4,0.073,19,25,3.56,0.55,12.9
4,10.5,0.59,0.49,2.1,0.07,14,47,3.3,0.56,9.6
6,13.2,0.46,0.52,2.2,0.071,12,35,3.1,0.56,9
7,7.2,0.37,0.32,2,0.062,15,28,3.23,0.73,11.3
7,7.6,0.74,0.02,2.5,0.071,10,14,3.51,0.71,11.7
6,8.7,0.69,0.31,3,0.086,23,81,3.48,0.74,11.6
6,7,0.43,0.02,1.9,0.08,15,28,3.35,0.81,10.6
6,7.9,0.4,0.29,1.8,0.157,1,44,3.3,0.92,9.5
8,7.2,0.33,0.33,1.7,0.061,3,13,3.23,1.1,10
6,11.5,0.32,0.54,2.1,0.084,5,15,2.98,0.7,9.2
6,6.8,0.67,0.15,1.8,0.118,13,20,3.42,0.67,11.3
4,6.7,1.04,0.08,2.3,0.067,19,32,3.52,0.57,11
7,7.1,0.66,0,2.4,0.052,6,11,3.35,0.66,12.7
6,7.3,0.51,0.18,2.1,0.07,12,28,3.52,0.73,9.5
5,6.6,0.63,0,4.3,0.093,51,78,3.2,0.45,9.5
6,10.4,0.52,0.45,2,0.08,6,13,3.22,0.76,11.4
6,6.8,0.56,0.22,1.8,0.074,15,24,3.4,0.82,11.2
5,6.5,0.46,0.14,2.4,0.114,9,37,3.66,0.65,9.8
4,7,0.98,0.04,2,0.087,12,67,3.35,0.6,9.4
5,7.5,0.73,0.04,1.5,0.076,8,15,3.26,0.53,9.6
5,12.5,0.46,0.63,2,0.071,6,15,2.99,0.87,10.2
5,7.8,0.41,0.68,1.7,0.467,18,69,3.08,1.31,9.3
5,7.8,0.87,0.26,3.8,0.107,31,67,3.26,0.46,9.2
5,11.6,0.42,0.53,3.3,0.105,33,98,3.2,0.95,9.2
5,7.6,0.65,0.03,1.9,0.086,14,57,3.37,0.46,10.3
7,5.3,0.47,0.11,2.2,0.048,16,89,3.54,0.88,13.6
7,7.9,0.3,0.68,8.3,0.05,38,278,3.01,0.51,12.3
5,7.8,0.7,0.06,1.9,0.079,20,35,3.4,0.69,10.9
